id,name,email,phone,location,education,years_experience,skills,experience,summary
cv_data_46026,Dana Hernandez,dana.hernandez55@example.com,+1-415-342-1555,"Austin, TX",B.S. Computer Science,3,"['airflow', 'pandas', 'a/b testing', 'python', 'pytorch', 'numpy', 'sql', 'statistics', 'scikit-learn', 'nlp']","[{'company': 'Initech', 'title': 'Data Scientist', 'years': 2.0, 'highlights': ['Delivered projects with measurable impact', 'Improved reliability and performance', 'Collaborated with cross-functional teams']}]",Data Scientist with 3 years of experience delivering production systems.
cv_qa_85280,Jamie Garcia,jamie.garcia93@example.com,+1-415-319-5512,"Boston, MA",B.Eng Software,2,"['pytest', 'playwright', 'telemetry', 'docker', 'kubernetes', 'load testing', 'selenium', 'api testing', 'python', 'ci/cd']","[{'company': 'Initech', 'title': 'QA Automation Engineer', 'years': 1.9, 'highlights': ['Delivered projects with measurable impact', 'Improved reliability and performance', 'Collaborated with cross-functional teams']}]",QA Automation Engineer with 2 years of experience delivering production systems.
cv_qa_59959,Taylor Scott,taylor.scott15@example.com,+1-415-295-9435,"Austin, TX",B.S. Information Systems,7,"['telemetry', 'api testing', 'ci/cd', 'docker', 'selenium', 'playwright', 'pytest', 'load testing', 'python']","[{'company': 'Initech', 'title': 'QA Automation Engineer', 'years': 6.2, 'highlights': ['Delivered projects with measurable impact', 'Improved reliability and performance', 'Collaborated with cross-functional teams']}]",QA Automation Engineer with 7 years of experience delivering production systems.
cv_platform_17370,Reese Brown,reese.brown75@example.com,+1-415-241-6607,"New York, NY",M.S. Computer Science,11,"['gcp', 'python', 'docker', 'go', 'aws', 'terraform', 'grafana', 'observability']","[{'company': 'Globex', 'title': 'Platform Engineer', 'years': 2.0, 'highlights': ['Delivered projects with measurable impact', 'Improved reliability and performance', 'Collaborated with cross-functional teams']}]",Platform Engineer with 11 years of experience delivering production systems.
cv_platform_56276,Drew Garcia,drew.garcia76@example.com,+1-415-240-4909,"Seattle, WA",B.S. Information Systems,6,"['kubernetes', 'go', 'grafana', 'python', 'observability', 'aws', 'ci/cd']","[{'company': 'Globex', 'title': 'Platform Engineer', 'years': 3.4, 'highlights': ['Delivered projects with measurable impact', 'Improved reliability and performance', 'Collaborated with cross-functional teams']}]",Platform Engineer with 6 years of experience delivering production systems.
cv_data_74808,Casey Young,casey.young61@example.com,+1-415-491-4953,"Seattle, WA",B.S. Computer Science,1,"['a/b testing', 'numpy', 'sql', 'nlp', 'scikit-learn', 'pandas', 'pytorch', 'statistics', 'airflow', 'python']","[{'company': 'Soylent', 'title': 'Data Scientist', 'years': 0.9, 'highlights': ['Delivered projects with measurable impact', 'Improved reliability and performance', 'Collaborated with cross-functional teams']}]",Data Scientist with 1 years of experience delivering production systems.
cv_qa_95288,Parker Garcia,parker.garcia45@example.com,+1-415-949-7654,"Denver, CO",B.Eng Software,4,"['python', 'api testing', 'load testing', 'kubernetes', 'ci/cd', 'telemetry', 'selenium', 'playwright']","[{'company': 'Stark Systems', 'title': 'QA Automation Engineer', 'years': 3.8, 'highlights': ['Delivered projects with measurable impact', 'Improved reliability and performance', 'Collaborated with cross-functional teams']}]",QA Automation Engineer with 4 years of experience delivering production systems.
cv_data_76825,Riley Patel,riley.patel96@example.com,+1-415-839-5571,"Chicago, IL",B.Eng Software,9,"['pandas', 'scikit-learn', 'sql', 'nlp', 'pytorch', 'statistics', 'airflow', 'python', 'numpy', 'a/b testing']","[{'company': 'Hooli', 'title': 'Data Scientist', 'years': 2.6, 'highlights': ['Delivered projects with measurable impact', 'Improved reliability and performance', 'Collaborated with cross-functional teams']}]",Data Scientist with 9 years of experience delivering production systems.
cv_platform_79301,Blake Scott,blake.scott70@example.com,+1-415-391-8384,"Seattle, WA",B.S. Data Science,5,"['observability', 'go', 'python', 'ci/cd', 'docker', 'terraform', 'grafana', 'prometheus', 'linux', 'gcp']","[{'company': 'Umbrella', 'title': 'Platform Engineer', 'years': 1.7, 'highlights': ['Delivered projects with measurable impact', 'Improved reliability and performance', 'Collaborated with cross-functional teams']}]",Platform Engineer with 5 years of experience delivering production systems.
cv_product_17721,Jamie Lee,jamie.lee41@example.com,+1-415-330-9601,"Boston, MA",B.Eng Software,8,"['sql', 'a/b testing', 'kpis', 'experiment design', 'user research', 'roadmapping', 'stakeholder management']","[{'company': 'Stark Systems', 'title': 'Product Manager', 'years': 3.8, 'highlights': ['Delivered projects with measurable impact', 'Improved reliability and performance', 'Collaborated with cross-functional teams']}]",Product Manager with 8 years of experience delivering production systems.
cv_data_98042,Drew Lee,drew.lee85@example.com,+1-415-928-1517,"Denver, CO",B.S. Data Science,9,"['a/b testing', 'airflow', 'python', 'numpy', 'scikit-learn', 'statistics', 'sql', 'pytorch', 'nlp', 'pandas']","[{'company': 'Umbrella', 'title': 'Data Scientist', 'years': 6.8, 'highlights': ['Delivered projects with measurable impact', 'Improved reliability and performance', 'Collaborated with cross-functional teams']}]",Data Scientist with 9 years of experience delivering production systems.
cv_data_68370,Rowan King,rowan.king97@example.com,+1-415-933-9428,"Denver, CO",B.S. Data Science,1,"['scikit-learn', 'a/b testing', 'python', 'statistics', 'nlp', 'airflow', 'pandas', 'sql']","[{'company': 'Vandelay', 'title': 'Data Scientist', 'years': 0.6, 'highlights': ['Delivered projects with measurable impact', 'Improved reliability and performance', 'Collaborated with cross-functional teams']}]",Data Scientist with 1 years of experience delivering production systems.
cv_software_85648,Rowan Nguyen,rowan.nguyen74@example.com,+1-415-626-7507,"New York, NY",B.S. Computer Science,6,"['kubernetes', 'linux', 'react', 'terraform', 'ci/cd', 'rest api', 'go', 'java', 'docker', 'aws']","[{'company': 'Globex', 'title': 'Software Engineer', 'years': 2.7, 'highlights': ['Delivered projects with measurable impact', 'Improved reliability and performance', 'Collaborated with cross-functional teams']}]",Software Engineer with 6 years of experience delivering production systems.
cv_data_30336,Devin Garcia,devin.garcia89@example.com,+1-415-439-7896,"Austin, TX",B.S. Computer Science,12,"['pandas', 'numpy', 'a/b testing', 'airflow', 'python', 'nlp', 'statistics']","[{'company': 'Globex', 'title': 'Data Scientist', 'years': 0.7, 'highlights': ['Delivered projects with measurable impact', 'Improved reliability and performance', 'Collaborated with cross-functional teams']}]",Data Scientist with 12 years of experience delivering production systems.
cv_qa_10822,Morgan Clark,morgan.clark18@example.com,+1-415-682-1696,"Austin, TX",M.S. Computer Science,5,"['api testing', 'pytest', 'telemetry', 'docker', 'load testing', 'python']","[{'company': 'Stark Systems', 'title': 'QA Automation Engineer', 'years': 3.7, 'highlights': ['Delivered projects with measurable impact', 'Improved reliability and performance', 'Collaborated with cross-functional teams']}]",QA Automation Engineer with 5 years of experience delivering production systems.
cv_product_76068,Avery Lopez,avery.lopez67@example.com,+1-415-816-2130,"New York, NY",M.S. Computer Science,6,"['roadmapping', 'sql', 'a/b testing', 'kpis', 'stakeholder management', 'experiment design', 'user research']","[{'company': 'Vandelay', 'title': 'Product Manager', 'years': 4.4, 'highlights': ['Delivered projects with measurable impact', 'Improved reliability and performance', 'Collaborated with cross-functional teams']}]",Product Manager with 6 years of experience delivering production systems.
cv_data_30936,Reese Martinez,reese.martinez46@example.com,+1-415-919-2473,"Austin, TX",B.S. Data Science,1,"['sql', 'a/b testing', 'pandas', 'python', 'nlp', 'scikit-learn', 'statistics', 'pytorch', 'numpy', 'airflow']","[{'company': 'Soylent', 'title': 'Data Scientist', 'years': 0.7, 'highlights': ['Delivered projects with measurable impact', 'Improved reliability and performance', 'Collaborated with cross-functional teams']}]",Data Scientist with 1 years of experience delivering production systems.
cv_platform_10565,Morgan Nguyen,morgan.nguyen51@example.com,+1-415-692-9241,"New York, NY",B.Eng Software,8,"['gcp', 'linux', 'terraform', 'python', 'go', 'docker', 'ci/cd', 'prometheus', 'observability']","[{'company': 'Hooli', 'title': 'Platform Engineer', 'years': 7.3, 'highlights': ['Delivered projects with measurable impact', 'Improved reliability and performance', 'Collaborated with cross-functional teams']}]",Platform Engineer with 8 years of experience delivering production systems.
cv_qa_69962,Jamie Lee,jamie.lee9@example.com,+1-415-443-3489,"Seattle, WA",B.S. Data Science,2,"['pytest', 'playwright', 'docker', 'telemetry', 'load testing', 'ci/cd', 'selenium', 'api testing', 'kubernetes', 'python']","[{'company': 'Hooli', 'title': 'QA Automation Engineer', 'years': 1.7, 'highlights': ['Delivered projects with measurable impact', 'Improved reliability and performance', 'Collaborated with cross-functional teams']}]",QA Automation Engineer with 2 years of experience delivering production systems.
cv_platform_17535,Taylor Davis,taylor.davis82@example.com,+1-415-386-3973,"San Francisco, CA",B.S. Computer Science,10,"['prometheus', 'aws', 'gcp', 'go', 'ci/cd', 'kubernetes', 'linux', 'observability']","[{'company': 'Globex', 'title': 'Platform Engineer', 'years': 1.9, 'highlights': ['Delivered projects with measurable impact', 'Improved reliability and performance', 'Collaborated with cross-functional teams']}]",Platform Engineer with 10 years of experience delivering production systems.
cv_qa_62266,Devin Patel,devin.patel4@example.com,+1-415-517-6025,"Austin, TX",B.S. Information Systems,10,"['selenium', 'playwright', 'kubernetes', 'load testing', 'ci/cd', 'api testing']","[{'company': 'Acme Corp', 'title': 'QA Automation Engineer', 'years': 1.9, 'highlights': ['Delivered projects with measurable impact', 'Improved reliability and performance', 'Collaborated with cross-functional teams']}]",QA Automation Engineer with 10 years of experience delivering production systems.
cv_product_74690,Alex King,alex.king73@example.com,+1-415-366-5209,"Seattle, WA",B.Eng Software,7,"['sql', 'stakeholder management', 'roadmapping', 'user research', 'a/b testing', 'experiment design', 'kpis']","[{'company': 'Vandelay', 'title': 'Product Manager', 'years': 1.6, 'highlights': ['Delivered projects with measurable impact', 'Improved reliability and performance', 'Collaborated with cross-functional teams']}]",Product Manager with 7 years of experience delivering production systems.
cv_software_80061,Jordan Hernandez,jordan.hernandez31@example.com,+1-415-367-2276,"Chicago, IL",B.S. Data Science,5,"['docker', 'linux', 'rest api', 'java', 'python', 'ci/cd', 'sql', 'kubernetes', 'fastapi']","[{'company': 'Vandelay', 'title': 'Software Engineer', 'years': 3.7, 'highlights': ['Delivered projects with measurable impact', 'Improved reliability and performance', 'Collaborated with cross-functional teams']}]",Software Engineer with 5 years of experience delivering production systems.
cv_qa_95258,Riley Adams,riley.adams68@example.com,+1-415-281-9095,"Chicago, IL",B.S. Information Systems,11,"['kubernetes', 'api testing', 'docker', 'ci/cd', 'telemetry', 'load testing', 'selenium', 'pytest', 'python', 'playwright']","[{'company': 'Stark Systems', 'title': 'QA Automation Engineer', 'years': 2.3, 'highlights': ['Delivered projects with measurable impact', 'Improved reliability and performance', 'Collaborated with cross-functional teams']}]",QA Automation Engineer with 11 years of experience delivering production systems.
cv_product_66555,Rowan Wright,rowan.wright64@example.com,+1-415-273-8709,"New York, NY",B.S. Computer Science,2,"['sql', 'stakeholder management', 'a/b testing', 'experiment design', 'user research', 'roadmapping']","[{'company': 'Umbrella', 'title': 'Product Manager', 'years': 1.6, 'highlights': ['Delivered projects with measurable impact', 'Improved reliability and performance', 'Collaborated with cross-functional teams']}]",Product Manager with 2 years of experience delivering production systems.
cv_product_89389,Riley Green,riley.green7@example.com,+1-415-452-3805,Remote,B.Eng Software,11,"['a/b testing', 'experiment design', 'user research', 'roadmapping', 'sql', 'kpis']","[{'company': 'Stark Systems', 'title': 'Product Manager', 'years': 7.0, 'highlights': ['Delivered projects with measurable impact', 'Improved reliability and performance', 'Collaborated with cross-functional teams']}]",Product Manager with 11 years of experience delivering production systems.
cv_software_69245,Jordan Garcia,jordan.garcia35@example.com,+1-415-913-8643,"New York, NY",B.S. Computer Science,2,"['linux', 'ci/cd', 'aws', 'java', 'react', 'docker', 'fastapi', 'python']","[{'company': 'Hooli', 'title': 'Software Engineer', 'years': 1.0, 'highlights': ['Delivered projects with measurable impact', 'Improved reliability and performance', 'Collaborated with cross-functional teams']}]",Software Engineer with 2 years of experience delivering production systems.
cv_software_48302,Riley Nguyen,riley.nguyen27@example.com,+1-415-419-4072,Remote,M.S. Computer Science,6,"['python', 'react', 'terraform', 'docker', 'ci/cd', 'java', 'go', 'sql', 'rest api']","[{'company': 'Stark Systems', 'title': 'Software Engineer', 'years': 2.8, 'highlights': ['Delivered projects with measurable impact', 'Improved reliability and performance', 'Collaborated with cross-functional teams']}]",Software Engineer with 6 years of experience delivering production systems.
cv_data_62078,Alex Singh,alex.singh13@example.com,+1-415-932-5915,"Boston, MA",B.S. Computer Science,7,"['airflow', 'a/b testing', 'pandas', 'python', 'scikit-learn', 'nlp', 'sql']","[{'company': 'Acme Corp', 'title': 'Data Scientist', 'years': 2.9, 'highlights': ['Delivered projects with measurable impact', 'Improved reliability and performance', 'Collaborated with cross-functional teams']}]",Data Scientist with 7 years of experience delivering production systems.
cv_qa_42518,Jordan Martinez,jordan.martinez28@example.com,+1-415-993-7922,Remote,M.S. Computer Science,6,"['playwright', 'ci/cd', 'docker', 'python', 'api testing', 'telemetry', 'selenium', 'pytest', 'kubernetes', 'load testing']","[{'company': 'Stark Systems', 'title': 'QA Automation Engineer', 'years': 1.7, 'highlights': ['Delivered projects with measurable impact', 'Improved reliability and performance', 'Collaborated with cross-functional teams']}]",QA Automation Engineer with 6 years of experience delivering production systems.
cv_product_48736,Avery King,avery.king52@example.com,+1-415-994-1243,"San Francisco, CA",B.S. Information Systems,7,"['roadmapping', 'kpis', 'a/b testing', 'sql', 'user research', 'experiment design']","[{'company': 'Umbrella', 'title': 'Product Manager', 'years': 3.1, 'highlights': ['Delivered projects with measurable impact', 'Improved reliability and performance', 'Collaborated with cross-functional teams']}]",Product Manager with 7 years of experience delivering production systems.
cv_software_80488,Drew Martinez,drew.martinez24@example.com,+1-415-805-9182,Remote,B.S. Information Systems,6,"['kubernetes', 'docker', 'linux', 'fastapi', 'python', 'rest api', 'ci/cd', 'terraform']","[{'company': 'Initech', 'title': 'Software Engineer', 'years': 4.9, 'highlights': ['Delivered projects with measurable impact', 'Improved reliability and performance', 'Collaborated with cross-functional teams']}]",Software Engineer with 6 years of experience delivering production systems.
cv_qa_41601,Blake Davis,blake.davis23@example.com,+1-415-747-9908,"San Francisco, CA",B.S. Data Science,9,"['load testing', 'api testing', 'playwright', 'telemetry', 'kubernetes', 'docker', 'ci/cd', 'selenium', 'pytest']","[{'company': 'Vandelay', 'title': 'QA Automation Engineer', 'years': 1.6, 'highlights': ['Delivered projects with measurable impact', 'Improved reliability and performance', 'Collaborated with cross-functional teams']}]",QA Automation Engineer with 9 years of experience delivering production systems.
cv_software_60379,Sam Davis,sam.davis50@example.com,+1-415-493-7186,"Chicago, IL",M.S. Computer Science,10,"['java', 'python', 'terraform', 'react', 'linux', 'sql', 'ci/cd', 'kubernetes', 'fastapi']","[{'company': 'Vandelay', 'title': 'Software Engineer', 'years': 6.5, 'highlights': ['Delivered projects with measurable impact', 'Improved reliability and performance', 'Collaborated with cross-functional teams']}]",Software Engineer with 10 years of experience delivering production systems.
cv_software_13418,Jamie Patel,jamie.patel36@example.com,+1-415-239-6112,"New York, NY",B.S. Computer Science,1,"['ci/cd', 'java', 'kubernetes', 'docker', 'sql', 'python', 'linux']","[{'company': 'Globex', 'title': 'Software Engineer', 'years': 0.9, 'highlights': ['Delivered projects with measurable impact', 'Improved reliability and performance', 'Collaborated with cross-functional teams']}]",Software Engineer with 1 years of experience delivering production systems.
cv_software_86719,Blake Kim,blake.kim62@example.com,+1-415-956-3708,"San Francisco, CA",M.S. Computer Science,10,"['kubernetes', 'python', 'rest api', 'terraform', 'java', 'sql', 'react']","[{'company': 'Umbrella', 'title': 'Software Engineer', 'years': 3.9, 'highlights': ['Delivered projects with measurable impact', 'Improved reliability and performance', 'Collaborated with cross-functional teams']}]",Software Engineer with 10 years of experience delivering production systems.
cv_data_96712,Quinn Singh,quinn.singh62@example.com,+1-415-958-8832,"Boston, MA",B.S. Data Science,6,"['a/b testing', 'scikit-learn', 'sql', 'nlp', 'pytorch', 'airflow', 'python']","[{'company': 'Umbrella', 'title': 'Data Scientist', 'years': 3.4, 'highlights': ['Delivered projects with measurable impact', 'Improved reliability and performance', 'Collaborated with cross-functional teams']}]",Data Scientist with 6 years of experience delivering production systems.
cv_product_19536,Devin Lee,devin.lee27@example.com,+1-415-905-2029,"San Francisco, CA",B.S. Data Science,3,"['roadmapping', 'experiment design', 'kpis', 'sql', 'user research', 'stakeholder management']","[{'company': 'Initech', 'title': 'Product Manager', 'years': 2.7, 'highlights': ['Delivered projects with measurable impact', 'Improved reliability and performance', 'Collaborated with cross-functional teams']}]",Product Manager with 3 years of experience delivering production systems.
cv_qa_55290,Devin Clark,devin.clark45@example.com,+1-415-455-6275,"New York, NY",B.Eng Software,2,"['kubernetes', 'selenium', 'playwright', 'docker', 'python', 'load testing', 'pytest', 'api testing', 'telemetry', 'ci/cd']","[{'company': 'Initech', 'title': 'QA Automation Engineer', 'years': 1.5, 'highlights': ['Delivered projects with measurable impact', 'Improved reliability and performance', 'Collaborated with cross-functional teams']}]",QA Automation Engineer with 2 years of experience delivering production systems.
cv_data_52435,Devin Lee,devin.lee74@example.com,+1-415-294-9535,"San Francisco, CA",B.Eng Software,5,"['pytorch', 'sql', 'airflow', 'python', 'statistics', 'scikit-learn', 'pandas', 'numpy', 'a/b testing']","[{'company': 'Globex', 'title': 'Data Scientist', 'years': 3.2, 'highlights': ['Delivered projects with measurable impact', 'Improved reliability and performance', 'Collaborated with cross-functional teams']}]",Data Scientist with 5 years of experience delivering production systems.
cv_data_19431,Charlie Green,charlie.green98@example.com,+1-415-953-9258,"New York, NY",B.S. Information Systems,4,"['airflow', 'pytorch', 'numpy', 'sql', 'a/b testing', 'statistics', 'python', 'scikit-learn']","[{'company': 'Acme Corp', 'title': 'Data Scientist', 'years': 0.6, 'highlights': ['Delivered projects with measurable impact', 'Improved reliability and performance', 'Collaborated with cross-functional teams']}]",Data Scientist with 4 years of experience delivering production systems.
cv_software_76360,Jordan Brown,jordan.brown33@example.com,+1-415-308-7014,"Austin, TX",B.S. Information Systems,8,"['sql', 'java', 'python', 'react', 'docker', 'terraform']","[{'company': 'Globex', 'title': 'Software Engineer', 'years': 4.9, 'highlights': ['Delivered projects with measurable impact', 'Improved reliability and performance', 'Collaborated with cross-functional teams']}]",Software Engineer with 8 years of experience delivering production systems.
cv_product_46649,Jordan Brown,jordan.brown37@example.com,+1-415-568-9089,"Seattle, WA",B.S. Information Systems,8,"['experiment design', 'a/b testing', 'user research', 'stakeholder management', 'kpis', 'sql', 'roadmapping']","[{'company': 'Acme Corp', 'title': 'Product Manager', 'years': 7.0, 'highlights': ['Delivered projects with measurable impact', 'Improved reliability and performance', 'Collaborated with cross-functional teams']}]",Product Manager with 8 years of experience delivering production systems.
cv_data_29107,Jamie Kim,jamie.kim35@example.com,+1-415-584-1343,"Austin, TX",B.S. Data Science,10,"['a/b testing', 'pandas', 'numpy', 'nlp', 'airflow', 'statistics', 'pytorch', 'python']","[{'company': 'Umbrella', 'title': 'Data Scientist', 'years': 1.5, 'highlights': ['Delivered projects with measurable impact', 'Improved reliability and performance', 'Collaborated with cross-functional teams']}]",Data Scientist with 10 years of experience delivering production systems.
cv_data_93405,Alex Kim,alex.kim55@example.com,+1-415-595-9078,Remote,M.S. Computer Science,11,"['python', 'statistics', 'airflow', 'nlp', 'numpy', 'pytorch', 'sql', 'a/b testing']","[{'company': 'Globex', 'title': 'Data Scientist', 'years': 5.7, 'highlights': ['Delivered projects with measurable impact', 'Improved reliability and performance', 'Collaborated with cross-functional teams']}]",Data Scientist with 11 years of experience delivering production systems.
cv_platform_97743,Riley Hernandez,riley.hernandez84@example.com,+1-415-653-4170,"Denver, CO",B.S. Data Science,2,"['ci/cd', 'docker', 'terraform', 'linux', 'aws', 'python', 'gcp', 'go']","[{'company': 'Hooli', 'title': 'Platform Engineer', 'years': 0.5, 'highlights': ['Delivered projects with measurable impact', 'Improved reliability and performance', 'Collaborated with cross-functional teams']}]",Platform Engineer with 2 years of experience delivering production systems.
cv_product_57664,Dana Lopez,dana.lopez38@example.com,+1-415-639-8662,"San Francisco, CA",B.S. Data Science,6,"['kpis', 'sql', 'stakeholder management', 'roadmapping', 'user research', 'a/b testing']","[{'company': 'Umbrella', 'title': 'Product Manager', 'years': 1.9, 'highlights': ['Delivered projects with measurable impact', 'Improved reliability and performance', 'Collaborated with cross-functional teams']}]",Product Manager with 6 years of experience delivering production systems.
cv_software_27387,Quinn Green,quinn.green16@example.com,+1-415-945-6894,Remote,B.S. Computer Science,2,"['python', 'go', 'fastapi', 'aws', 'terraform', 'java']","[{'company': 'Umbrella', 'title': 'Software Engineer', 'years': 1.5, 'highlights': ['Delivered projects with measurable impact', 'Improved reliability and performance', 'Collaborated with cross-functional teams']}]",Software Engineer with 2 years of experience delivering production systems.
cv_platform_96433,Avery Lee,avery.lee16@example.com,+1-415-791-1190,Remote,B.S. Data Science,12,"['go', 'linux', 'kubernetes', 'ci/cd', 'prometheus', 'observability']","[{'company': 'Acme Corp', 'title': 'Platform Engineer', 'years': 2.0, 'highlights': ['Delivered projects with measurable impact', 'Improved reliability and performance', 'Collaborated with cross-functional teams']}]",Platform Engineer with 12 years of experience delivering production systems.
cv_data_26962,Drew Martinez,drew.martinez4@example.com,+1-415-414-4610,"Denver, CO",M.S. Computer Science,2,"['python', 'a/b testing', 'scikit-learn', 'numpy', 'pytorch', 'sql', 'nlp']","[{'company': 'Initech', 'title': 'Data Scientist', 'years': 0.7, 'highlights': ['Delivered projects with measurable impact', 'Improved reliability and performance', 'Collaborated with cross-functional teams']}]",Data Scientist with 2 years of experience delivering production systems.
cv_data_22273,Parker Hill,parker.hill91@example.com,+1-415-486-2296,"Boston, MA",B.S. Information Systems,1,"['pandas', 'sql', 'scikit-learn', 'statistics', 'python', 'numpy']","[{'company': 'Vandelay', 'title': 'Data Scientist', 'years': 0.9, 'highlights': ['Delivered projects with measurable impact', 'Improved reliability and performance', 'Collaborated with cross-functional teams']}]",Data Scientist with 1 years of experience delivering production systems.
cv_data_96377,Hayden Hill,hayden.hill23@example.com,+1-415-313-6873,"Denver, CO",B.S. Information Systems,3,"['pandas', 'python', 'sql', 'numpy', 'statistics', 'nlp', 'airflow', 'pytorch', 'scikit-learn', 'a/b testing']","[{'company': 'Hooli', 'title': 'Data Scientist', 'years': 1.5, 'highlights': ['Delivered projects with measurable impact', 'Improved reliability and performance', 'Collaborated with cross-functional teams']}]",Data Scientist with 3 years of experience delivering production systems.
cv_product_70797,Blake Lee,blake.lee64@example.com,+1-415-735-9439,"San Francisco, CA",B.Eng Software,11,"['roadmapping', 'a/b testing', 'experiment design', 'sql', 'kpis', 'stakeholder management', 'user research']","[{'company': 'Initech', 'title': 'Product Manager', 'years': 5.4, 'highlights': ['Delivered projects with measurable impact', 'Improved reliability and performance', 'Collaborated with cross-functional teams']}]",Product Manager with 11 years of experience delivering production systems.
cv_platform_96712,Quinn Lee,quinn.lee71@example.com,+1-415-258-8683,"Chicago, IL",B.S. Data Science,3,"['gcp', 'docker', 'python', 'ci/cd', 'prometheus', 'grafana', 'go', 'terraform']","[{'company': 'Globex', 'title': 'Platform Engineer', 'years': 2.8, 'highlights': ['Delivered projects with measurable impact', 'Improved reliability and performance', 'Collaborated with cross-functional teams']}]",Platform Engineer with 3 years of experience delivering production systems.
cv_platform_33468,Casey Clark,casey.clark18@example.com,+1-415-218-2028,"Seattle, WA",B.S. Information Systems,2,"['aws', 'python', 'terraform', 'observability', 'ci/cd', 'kubernetes', 'docker', 'go', 'gcp', 'grafana']","[{'company': 'Stark Systems', 'title': 'Platform Engineer', 'years': 0.7, 'highlights': ['Delivered projects with measurable impact', 'Improved reliability and performance', 'Collaborated with cross-functional teams']}]",Platform Engineer with 2 years of experience delivering production systems.
cv_product_88110,Rowan Scott,rowan.scott29@example.com,+1-415-795-5301,"Denver, CO",B.S. Data Science,1,"['roadmapping', 'experiment design', 'sql', 'kpis', 'stakeholder management', 'user research', 'a/b testing']","[{'company': 'Soylent', 'title': 'Product Manager', 'years': 0.7, 'highlights': ['Delivered projects with measurable impact', 'Improved reliability and performance', 'Collaborated with cross-functional teams']}]",Product Manager with 1 years of experience delivering production systems.
cv_data_96051,Avery Clark,avery.clark81@example.com,+1-415-482-1467,"Boston, MA",B.S. Computer Science,9,"['statistics', 'python', 'scikit-learn', 'nlp', 'a/b testing', 'pytorch', 'pandas', 'numpy', 'airflow', 'sql']","[{'company': 'Umbrella', 'title': 'Data Scientist', 'years': 6.6, 'highlights': ['Delivered projects with measurable impact', 'Improved reliability and performance', 'Collaborated with cross-functional teams']}]",Data Scientist with 9 years of experience delivering production systems.
cv_qa_54485,Reese Lopez,reese.lopez34@example.com,+1-415-769-6108,"Chicago, IL",M.S. Computer Science,10,"['pytest', 'ci/cd', 'playwright', 'kubernetes', 'telemetry', 'python', 'selenium', 'docker']","[{'company': 'Stark Systems', 'title': 'QA Automation Engineer', 'years': 6.8, 'highlights': ['Delivered projects with measurable impact', 'Improved reliability and performance', 'Collaborated with cross-functional teams']}]",QA Automation Engineer with 10 years of experience delivering production systems.
cv_product_61925,Quinn King,quinn.king34@example.com,+1-415-775-1421,"Denver, CO",B.S. Computer Science,12,"['sql', 'experiment design', 'a/b testing', 'user research', 'stakeholder management', 'kpis']","[{'company': 'Initech', 'title': 'Product Manager', 'years': 3.7, 'highlights': ['Delivered projects with measurable impact', 'Improved reliability and performance', 'Collaborated with cross-functional teams']}]",Product Manager with 12 years of experience delivering production systems.
cv_platform_83808,Sam Kim,sam.kim63@example.com,+1-415-647-9455,"Chicago, IL",B.S. Information Systems,8,"['terraform', 'kubernetes', 'python', 'linux', 'aws', 'go', 'ci/cd', 'observability']","[{'company': 'Umbrella', 'title': 'Platform Engineer', 'years': 5.7, 'highlights': ['Delivered projects with measurable impact', 'Improved reliability and performance', 'Collaborated with cross-functional teams']}]",Platform Engineer with 8 years of experience delivering production systems.
cv_platform_88118,Blake Young,blake.young11@example.com,+1-415-859-6821,"San Francisco, CA",M.S. Computer Science,12,"['go', 'docker', 'terraform', 'prometheus', 'linux', 'aws']","[{'company': 'Vandelay', 'title': 'Platform Engineer', 'years': 4.2, 'highlights': ['Delivered projects with measurable impact', 'Improved reliability and performance', 'Collaborated with cross-functional teams']}]",Platform Engineer with 12 years of experience delivering production systems.
cv_software_84241,Reese Lopez,reese.lopez33@example.com,+1-415-683-9544,Remote,B.S. Computer Science,3,"['linux', 'ci/cd', 'aws', 'go', 'docker', 'kubernetes', 'python', 'react', 'fastapi', 'terraform']","[{'company': 'Soylent', 'title': 'Software Engineer', 'years': 2.0, 'highlights': ['Delivered projects with measurable impact', 'Improved reliability and performance', 'Collaborated with cross-functional teams']}]",Software Engineer with 3 years of experience delivering production systems.
cv_platform_23755,Skyler Lopez,skyler.lopez23@example.com,+1-415-672-8445,"Austin, TX",B.S. Computer Science,2,"['terraform', 'kubernetes', 'observability', 'grafana', 'go', 'ci/cd']","[{'company': 'Hooli', 'title': 'Platform Engineer', 'years': 1.6, 'highlights': ['Delivered projects with measurable impact', 'Improved reliability and performance', 'Collaborated with cross-functional teams']}]",Platform Engineer with 2 years of experience delivering production systems.
cv_platform_95847,Casey Lopez,casey.lopez90@example.com,+1-415-901-1284,"Boston, MA",M.S. Computer Science,7,"['docker', 'grafana', 'python', 'observability', 'kubernetes', 'go', 'ci/cd']","[{'company': 'Hooli', 'title': 'Platform Engineer', 'years': 2.5, 'highlights': ['Delivered projects with measurable impact', 'Improved reliability and performance', 'Collaborated with cross-functional teams']}]",Platform Engineer with 7 years of experience delivering production systems.
cv_platform_17266,Riley Garcia,riley.garcia31@example.com,+1-415-276-7247,"Chicago, IL",M.S. Computer Science,8,"['linux', 'python', 'grafana', 'kubernetes', 'observability', 'docker', 'ci/cd', 'gcp']","[{'company': 'Globex', 'title': 'Platform Engineer', 'years': 0.6, 'highlights': ['Delivered projects with measurable impact', 'Improved reliability and performance', 'Collaborated with cross-functional teams']}]",Platform Engineer with 8 years of experience delivering production systems.
cv_platform_11895,Quinn Brown,quinn.brown43@example.com,+1-415-330-9571,"Austin, TX",B.S. Data Science,1,"['linux', 'gcp', 'terraform', 'aws', 'observability', 'prometheus', 'grafana', 'docker', 'kubernetes', 'python', 'go']","[{'company': 'Globex', 'title': 'Platform Engineer', 'years': 1.0, 'highlights': ['Delivered projects with measurable impact', 'Improved reliability and performance', 'Collaborated with cross-functional teams']}]",Platform Engineer with 1 years of experience delivering production systems.
cv_software_71331,Jordan Martinez,jordan.martinez51@example.com,+1-415-594-7401,"New York, NY",B.S. Data Science,10,"['ci/cd', 'kubernetes', 'rest api', 'fastapi', 'terraform', 'python', 'react', 'linux']","[{'company': 'Soylent', 'title': 'Software Engineer', 'years': 3.0, 'highlights': ['Delivered projects with measurable impact', 'Improved reliability and performance', 'Collaborated with cross-functional teams']}]",Software Engineer with 10 years of experience delivering production systems.
cv_qa_45906,Avery King,avery.king99@example.com,+1-415-788-2950,"Boston, MA",M.S. Computer Science,7,"['api testing', 'load testing', 'kubernetes', 'docker', 'selenium', 'playwright', 'pytest', 'telemetry', 'ci/cd']","[{'company': 'Initech', 'title': 'QA Automation Engineer', 'years': 6.0, 'highlights': ['Delivered projects with measurable impact', 'Improved reliability and performance', 'Collaborated with cross-functional teams']}]",QA Automation Engineer with 7 years of experience delivering production systems.
cv_product_52526,Blake Scott,blake.scott45@example.com,+1-415-247-8514,"Seattle, WA",B.Eng Software,12,"['user research', 'stakeholder management', 'a/b testing', 'experiment design', 'kpis', 'roadmapping']","[{'company': 'Hooli', 'title': 'Product Manager', 'years': 2.2, 'highlights': ['Delivered projects with measurable impact', 'Improved reliability and performance', 'Collaborated with cross-functional teams']}]",Product Manager with 12 years of experience delivering production systems.
cv_qa_36969,Dana Martinez,dana.martinez78@example.com,+1-415-899-8676,"New York, NY",B.S. Computer Science,4,"['playwright', 'docker', 'telemetry', 'ci/cd', 'api testing', 'load testing', 'python']","[{'company': 'Umbrella', 'title': 'QA Automation Engineer', 'years': 2.2, 'highlights': ['Delivered projects with measurable impact', 'Improved reliability and performance', 'Collaborated with cross-functional teams']}]",QA Automation Engineer with 4 years of experience delivering production systems.
cv_qa_74893,Quinn Nguyen,quinn.nguyen11@example.com,+1-415-230-6736,Remote,B.S. Data Science,12,"['python', 'docker', 'load testing', 'telemetry', 'api testing', 'pytest', 'playwright']","[{'company': 'Initech', 'title': 'QA Automation Engineer', 'years': 6.4, 'highlights': ['Delivered projects with measurable impact', 'Improved reliability and performance', 'Collaborated with cross-functional teams']}]",QA Automation Engineer with 12 years of experience delivering production systems.
cv_platform_54897,Reese Garcia,reese.garcia14@example.com,+1-415-831-4523,"Seattle, WA",B.S. Information Systems,3,"['aws', 'kubernetes', 'python', 'docker', 'gcp', 'grafana']","[{'company': 'Vandelay', 'title': 'Platform Engineer', 'years': 0.6, 'highlights': ['Delivered projects with measurable impact', 'Improved reliability and performance', 'Collaborated with cross-functional teams']}]",Platform Engineer with 3 years of experience delivering production systems.
cv_product_97622,Taylor Patel,taylor.patel15@example.com,+1-415-836-6639,"Boston, MA",B.S. Computer Science,1,"['roadmapping', 'sql', 'a/b testing', 'kpis', 'stakeholder management', 'user research', 'experiment design']","[{'company': 'Initech', 'title': 'Product Manager', 'years': 0.7, 'highlights': ['Delivered projects with measurable impact', 'Improved reliability and performance', 'Collaborated with cross-functional teams']}]",Product Manager with 1 years of experience delivering production systems.
cv_platform_49591,Skyler Adams,skyler.adams41@example.com,+1-415-590-5577,"Boston, MA",M.S. Computer Science,1,"['grafana', 'prometheus', 'ci/cd', 'gcp', 'observability', 'linux', 'docker', 'kubernetes', 'aws', 'go']","[{'company': 'Initech', 'title': 'Platform Engineer', 'years': 0.8, 'highlights': ['Delivered projects with measurable impact', 'Improved reliability and performance', 'Collaborated with cross-functional teams']}]",Platform Engineer with 1 years of experience delivering production systems.
cv_software_27800,Alex Patel,alex.patel97@example.com,+1-415-848-1169,"Chicago, IL",B.Eng Software,11,"['fastapi', 'linux', 'java', 'sql', 'rest api', 'react']","[{'company': 'Umbrella', 'title': 'Software Engineer', 'years': 3.1, 'highlights': ['Delivered projects with measurable impact', 'Improved reliability and performance', 'Collaborated with cross-functional teams']}]",Software Engineer with 11 years of experience delivering production systems.
cv_qa_53162,Alex Brown,alex.brown17@example.com,+1-415-508-2089,"Boston, MA",B.S. Computer Science,3,"['selenium', 'python', 'playwright', 'pytest', 'load testing', 'api testing', 'docker', 'kubernetes']","[{'company': 'Globex', 'title': 'QA Automation Engineer', 'years': 0.7, 'highlights': ['Delivered projects with measurable impact', 'Improved reliability and performance', 'Collaborated with cross-functional teams']}]",QA Automation Engineer with 3 years of experience delivering production systems.
cv_platform_61152,Reese Davis,reese.davis92@example.com,+1-415-548-4339,Remote,B.S. Data Science,6,"['go', 'ci/cd', 'docker', 'terraform', 'aws', 'python', 'kubernetes', 'gcp', 'prometheus']","[{'company': 'Initech', 'title': 'Platform Engineer', 'years': 4.7, 'highlights': ['Delivered projects with measurable impact', 'Improved reliability and performance', 'Collaborated with cross-functional teams']}]",Platform Engineer with 6 years of experience delivering production systems.
cv_data_49964,Charlie Wilson,charlie.wilson81@example.com,+1-415-997-7003,"San Francisco, CA",B.Eng Software,5,"['statistics', 'pytorch', 'numpy', 'python', 'scikit-learn', 'sql', 'a/b testing', 'nlp']","[{'company': 'Umbrella', 'title': 'Data Scientist', 'years': 4.7, 'highlights': ['Delivered projects with measurable impact', 'Improved reliability and performance', 'Collaborated with cross-functional teams']}]",Data Scientist with 5 years of experience delivering production systems.
cv_platform_95177,Dana Hernandez,dana.hernandez94@example.com,+1-415-513-7524,"Seattle, WA",B.S. Data Science,7,"['docker', 'aws', 'gcp', 'grafana', 'linux', 'observability', 'python', 'prometheus', 'go', 'terraform']","[{'company': 'Globex', 'title': 'Platform Engineer', 'years': 3.5, 'highlights': ['Delivered projects with measurable impact', 'Improved reliability and performance', 'Collaborated with cross-functional teams']}]",Platform Engineer with 7 years of experience delivering production systems.
cv_qa_32040,Sam Davis,sam.davis28@example.com,+1-415-708-8192,"Denver, CO",B.S. Information Systems,12,"['docker', 'load testing', 'kubernetes', 'selenium', 'python', 'pytest', 'telemetry', 'ci/cd', 'playwright', 'api testing']","[{'company': 'Stark Systems', 'title': 'QA Automation Engineer', 'years': 6.9, 'highlights': ['Delivered projects with measurable impact', 'Improved reliability and performance', 'Collaborated with cross-functional teams']}]",QA Automation Engineer with 12 years of experience delivering production systems.
cv_product_59813,Hayden Garcia,hayden.garcia11@example.com,+1-415-760-9979,"Boston, MA",B.S. Information Systems,8,"['experiment design', 'user research', 'kpis', 'sql', 'roadmapping', 'a/b testing']","[{'company': 'Globex', 'title': 'Product Manager', 'years': 5.8, 'highlights': ['Delivered projects with measurable impact', 'Improved reliability and performance', 'Collaborated with cross-functional teams']}]",Product Manager with 8 years of experience delivering production systems.
cv_software_59080,Devin Patel,devin.patel86@example.com,+1-415-630-6370,"Denver, CO",B.Eng Software,8,"['python', 'sql', 'terraform', 'react', 'ci/cd', 'rest api', 'docker', 'linux', 'java', 'fastapi', 'go']","[{'company': 'Vandelay', 'title': 'Software Engineer', 'years': 1.8, 'highlights': ['Delivered projects with measurable impact', 'Improved reliability and performance', 'Collaborated with cross-functional teams']}]",Software Engineer with 8 years of experience delivering production systems.
cv_platform_88101,Parker Garcia,parker.garcia44@example.com,+1-415-224-1632,"New York, NY",B.S. Information Systems,12,"['go', 'ci/cd', 'docker', 'grafana', 'kubernetes', 'gcp', 'aws', 'python', 'observability']","[{'company': 'Hooli', 'title': 'Platform Engineer', 'years': 6.2, 'highlights': ['Delivered projects with measurable impact', 'Improved reliability and performance', 'Collaborated with cross-functional teams']}]",Platform Engineer with 12 years of experience delivering production systems.
cv_data_28592,Blake Brown,blake.brown45@example.com,+1-415-220-6156,"Chicago, IL",B.S. Data Science,10,"['numpy', 'pytorch', 'python', 'sql', 'airflow', 'pandas', 'scikit-learn', 'nlp']","[{'company': 'Umbrella', 'title': 'Data Scientist', 'years': 2.1, 'highlights': ['Delivered projects with measurable impact', 'Improved reliability and performance', 'Collaborated with cross-functional teams']}]",Data Scientist with 10 years of experience delivering production systems.
cv_product_46017,Avery King,avery.king67@example.com,+1-415-944-2317,"Chicago, IL",B.S. Computer Science,11,"['sql', 'a/b testing', 'roadmapping', 'experiment design', 'kpis', 'user research']","[{'company': 'Vandelay', 'title': 'Product Manager', 'years': 6.0, 'highlights': ['Delivered projects with measurable impact', 'Improved reliability and performance', 'Collaborated with cross-functional teams']}]",Product Manager with 11 years of experience delivering production systems.
cv_platform_14312,Rowan Martinez,rowan.martinez53@example.com,+1-415-580-7942,"San Francisco, CA",B.S. Information Systems,4,"['terraform', 'docker', 'observability', 'ci/cd', 'linux', 'grafana', 'gcp', 'go', 'kubernetes', 'python']","[{'company': 'Hooli', 'title': 'Platform Engineer', 'years': 1.1, 'highlights': ['Delivered projects with measurable impact', 'Improved reliability and performance', 'Collaborated with cross-functional teams']}]",Platform Engineer with 4 years of experience delivering production systems.
cv_platform_72109,Reese Brown,reese.brown30@example.com,+1-415-657-3171,"Austin, TX",B.S. Information Systems,3,"['aws', 'terraform', 'ci/cd', 'kubernetes', 'linux', 'prometheus', 'docker', 'gcp', 'python', 'grafana', 'observability']","[{'company': 'Initech', 'title': 'Platform Engineer', 'years': 2.5, 'highlights': ['Delivered projects with measurable impact', 'Improved reliability and performance', 'Collaborated with cross-functional teams']}]",Platform Engineer with 3 years of experience delivering production systems.
cv_product_58897,Blake Singh,blake.singh17@example.com,+1-415-556-2684,"Chicago, IL",B.S. Information Systems,11,"['roadmapping', 'sql', 'a/b testing', 'user research', 'kpis', 'stakeholder management', 'experiment design']","[{'company': 'Acme Corp', 'title': 'Product Manager', 'years': 5.7, 'highlights': ['Delivered projects with measurable impact', 'Improved reliability and performance', 'Collaborated with cross-functional teams']}]",Product Manager with 11 years of experience delivering production systems.
cv_qa_69022,Taylor Singh,taylor.singh95@example.com,+1-415-771-5614,Remote,B.S. Computer Science,12,"['pytest', 'selenium', 'python', 'api testing', 'playwright', 'telemetry', 'load testing', 'ci/cd', 'docker', 'kubernetes']","[{'company': 'Globex', 'title': 'QA Automation Engineer', 'years': 6.8, 'highlights': ['Delivered projects with measurable impact', 'Improved reliability and performance', 'Collaborated with cross-functional teams']}]",QA Automation Engineer with 12 years of experience delivering production systems.
cv_qa_32928,Alex Green,alex.green60@example.com,+1-415-845-2211,"Chicago, IL",B.S. Computer Science,1,"['python', 'selenium', 'pytest', 'api testing', 'playwright', 'load testing', 'kubernetes', 'docker', 'telemetry']","[{'company': 'Acme Corp', 'title': 'QA Automation Engineer', 'years': 0.7, 'highlights': ['Delivered projects with measurable impact', 'Improved reliability and performance', 'Collaborated with cross-functional teams']}]",QA Automation Engineer with 1 years of experience delivering production systems.
cv_qa_10550,Sam Brown,sam.brown4@example.com,+1-415-723-1551,"New York, NY",B.S. Computer Science,5,"['selenium', 'api testing', 'playwright', 'load testing', 'pytest', 'telemetry']","[{'company': 'Umbrella', 'title': 'QA Automation Engineer', 'years': 2.8, 'highlights': ['Delivered projects with measurable impact', 'Improved reliability and performance', 'Collaborated with cross-functional teams']}]",QA Automation Engineer with 5 years of experience delivering production systems.
cv_qa_20881,Parker Singh,parker.singh73@example.com,+1-415-926-4944,"Boston, MA",B.Eng Software,8,"['playwright', 'pytest', 'load testing', 'telemetry', 'kubernetes', 'docker']","[{'company': 'Hooli', 'title': 'QA Automation Engineer', 'years': 7.5, 'highlights': ['Delivered projects with measurable impact', 'Improved reliability and performance', 'Collaborated with cross-functional teams']}]",QA Automation Engineer with 8 years of experience delivering production systems.
cv_data_39696,Avery Hernandez,avery.hernandez61@example.com,+1-415-810-8039,"Seattle, WA",M.S. Computer Science,10,"['a/b testing', 'sql', 'pandas', 'scikit-learn', 'statistics', 'python', 'pytorch']","[{'company': 'Acme Corp', 'title': 'Data Scientist', 'years': 4.6, 'highlights': ['Delivered projects with measurable impact', 'Improved reliability and performance', 'Collaborated with cross-functional teams']}]",Data Scientist with 10 years of experience delivering production systems.
cv_product_33458,Alex Brown,alex.brown4@example.com,+1-415-917-8949,"Boston, MA",B.Eng Software,8,"['sql', 'kpis', 'a/b testing', 'roadmapping', 'stakeholder management', 'experiment design', 'user research']","[{'company': 'Acme Corp', 'title': 'Product Manager', 'years': 7.3, 'highlights': ['Delivered projects with measurable impact', 'Improved reliability and performance', 'Collaborated with cross-functional teams']}]",Product Manager with 8 years of experience delivering production systems.
cv_product_44443,Taylor Davis,taylor.davis76@example.com,+1-415-442-3070,"Seattle, WA",B.S. Information Systems,2,"['kpis', 'a/b testing', 'user research', 'sql', 'stakeholder management', 'experiment design']","[{'company': 'Initech', 'title': 'Product Manager', 'years': 0.9, 'highlights': ['Delivered projects with measurable impact', 'Improved reliability and performance', 'Collaborated with cross-functional teams']}]",Product Manager with 2 years of experience delivering production systems.
cv_product_72104,Avery King,avery.king85@example.com,+1-415-464-7915,"Boston, MA",B.Eng Software,10,"['stakeholder management', 'kpis', 'experiment design', 'sql', 'a/b testing', 'user research']","[{'company': 'Umbrella', 'title': 'Product Manager', 'years': 7.8, 'highlights': ['Delivered projects with measurable impact', 'Improved reliability and performance', 'Collaborated with cross-functional teams']}]",Product Manager with 10 years of experience delivering production systems.
cv_platform_20438,Riley Scott,riley.scott12@example.com,+1-415-893-7795,"San Francisco, CA",B.Eng Software,8,"['docker', 'python', 'ci/cd', 'linux', 'go', 'prometheus', 'kubernetes']","[{'company': 'Vandelay', 'title': 'Platform Engineer', 'years': 5.9, 'highlights': ['Delivered projects with measurable impact', 'Improved reliability and performance', 'Collaborated with cross-functional teams']}]",Platform Engineer with 8 years of experience delivering production systems.
cv_qa_42162,Hayden Adams,hayden.adams98@example.com,+1-415-540-8540,"Boston, MA",B.Eng Software,3,"['ci/cd', 'telemetry', 'playwright', 'pytest', 'selenium', 'kubernetes', 'load testing']","[{'company': 'Vandelay', 'title': 'QA Automation Engineer', 'years': 1.9, 'highlights': ['Delivered projects with measurable impact', 'Improved reliability and performance', 'Collaborated with cross-functional teams']}]",QA Automation Engineer with 3 years of experience delivering production systems.
cv_qa_33731,Taylor Green,taylor.green9@example.com,+1-415-971-2046,"Denver, CO",B.S. Information Systems,1,"['docker', 'load testing', 'selenium', 'telemetry', 'playwright', 'python']","[{'company': 'Initech', 'title': 'QA Automation Engineer', 'years': 0.6, 'highlights': ['Delivered projects with measurable impact', 'Improved reliability and performance', 'Collaborated with cross-functional teams']}]",QA Automation Engineer with 1 years of experience delivering production systems.
cv_data_78302,Parker Hernandez,parker.hernandez36@example.com,+1-415-874-7627,"Chicago, IL",B.S. Computer Science,4,"['statistics', 'scikit-learn', 'sql', 'numpy', 'python', 'airflow', 'pytorch', 'pandas']","[{'company': 'Umbrella', 'title': 'Data Scientist', 'years': 3.4, 'highlights': ['Delivered projects with measurable impact', 'Improved reliability and performance', 'Collaborated with cross-functional teams']}]",Data Scientist with 4 years of experience delivering production systems.
